CUST_ID,GENDER,AGE,TENURE,CHANNEL,AUTOPAY,ARPB_3M,CALL_PARTY_CNT,DAY_MOU,AFTERNOON_MOU,NIGHT_MOU,AVG_CALL_LENGTH,BROADBAND
63,男,34,27,2,否,203,0,0,0,0,3.04,1
64,,62,58,1,否,360,,0,1910,0,3.3,1
65,男,39,55,3,,304,0,437.2,200.3,,4.92,0
66,,39,55,3,否,304,0,437.2,182.8,0,4.92,0
67,男,39,55,3,否,,,,214.5,0,4.92,0
68,女,39,44,4,是,355,18,332.5,369.8,407.8,4.37,0
69,女,39,44,4,是,,18,332.5,369.8,407.8,4.37,0
70,女,47,36,1,否,231,0,0,220,0,4.14,1
71,,43,3,1,是,113,8,0,9.5,10.5,4.11,0
72,女,48,64,3,否,540,0,288.6,145.7,345.7,4.51,1
73,女,38,40,3,否,262,0,0,0,0,4.44,0
74,女,38,40,3,否,262,0,0,0,0,4.44,0
75,女,31,2,1,否,83,3,0,0,0,3.04,0
76,女,48,20,4,否,287,0,264.1,410.9,0,3.18,0
77,女,48,20,4,否,287,0,264.1,378.2,0,3.18,0
78,女,48,20,4,否,287,0,264.1,410.9,0,3.18,0
79,女,48,20,4,否,287,0,264.1,410.9,0,3.18,0
80,女,48,20,4,否,287,0,264.1,410.9,0,3.18,0
81,女,48,20,4,否,287,0,264.1,410.9,0,3.18,0
82,女,48,20,4,否,287,0,264.1,410.9,0,3.18,0
83,女,48,20,4,否,287,0,264.1,410.9,0,3.18,0
84,男,52,45,2,否,343,21,0,690,0,5.13,1
85,女,26,10,2,否,147,9,34.2,0,0,3.53,1
86,女,54,62,4,是,395,29,0,3952.9,1502.1,3.91,0
87,女,54,62,4,是,395,29,0,3952.9,1502.1,3.91,0
88,男,35,4,4,是,118,31,0,0,0,5.08,0
89,男,42,38,1,否,314,0,0,0,0,3.4,1
90,男,20,3,1,是,125,0,0,0,0,2.83,0
91,女,33,17,4,是,254,17,0,70.3,149.7,3.14,0
92,女,33,17,4,,254,17,0,70.3,149.7,3.14,0
93,女,33,17,4,是,254,15,0,70.3,149.7,3.14,0
94,女,33,17,4,是,254,17,0,70.3,149.7,3.14,0
95,女,33,17,4,是,254,17,0,70.3,149.7,3.14,0
96,女,33,17,4,是,254,17,0,70.3,149.7,3.14,0
97,女,33,17,4,是,254,17,0,70.3,149.7,3.14,0
98,女,33,17,4,是,254,17,0,70.3,149.7,3.14,0
149,女,52,62,3,否,513,0,757,741.5,706.5,5.27,0
150,女,52,62,3,否,513,0,757,741.5,706.5,5.27,0
151,女,35,7,1,否,154,0,0,0,0,3.85,0
152,女,35,7,1,否,154,0,0,0,0,3.85,0
153,男,50,50,2,是,436,14,0,2585,0,5.01,0
154,男,50,50,2,是,436,14,0,2585,0,5.01,0
155,男,40,2,1,是,135,0,0,0,0,3.93,1
156,男,25,23,3,否,328,10,56,9,0,3.64,1
157,女,32,11,4,是,126,42,39.9,39.4,120.7,4.83,0
158,女,32,11,4,是,126,42,39.9,39.4,120.7,4.83,0
159,女,32,11,4,是,126,42,39.9,39.4,120.7,4.83,0
160,女,32,11,4,是,126,42,39.9,39.4,120.7,4.83,0
161,女,32,11,4,是,126,42,39.9,39.4,120.7,4.83,0
162,女,44,42,3,否,491,0,308.5,86.5,0,4.6,1
163,女,51,39,4,是,292,35,103.1,49,177.8,3.71,1
164,男,25,24,2,否,213,9,0,0,0,3,0
165,男,27,50,1,否,394,0,0,750,0,3.09,1
166,男,37,57,3,否,486,23,328.5,96.5,0,4.68,1
167,女,53,38,4,是,229,35,329.1,248.5,442.4,5.49,1
168,女,47,4,1,是,100,6,0,40,0,4.81,1
169,男,29,25,2,是,309,14,0,0,0,3.43,0
170,男,29,25,2,是,309,14,0,0,0,3.43,0
171,男,29,25,2,是,,14,0,0,0,3.43,0
172,男,44,21,3,否,191,0,0,285,0,3.85,1
173,女,45,71,2,否,951,14,0,2495,0,4.45,1
174,女,27,38,4,是,294,20,0,90.5,274.5,3.26,0
175,女,27,38,4,是,,20,0,90.5,274.5,3.26,0
176,女,27,38,4,是,294,20,0,90.5,274.5,3.26,0
177,女,53,59,2,是,472,20,0,0,0,4.72,0
178,女,53,59,2,是,472,20,0,0,0,4.72,0
179,男,48,18,1,否,137,0,83.6,51.4,0,3.71,1
180,男,33,7,1,是,143,9,0,0,0,3.37,0
181,男,33,7,1,是,143,9,0,0,0,3.37,0
182,男,33,7,1,是,143,9,0,0,0,3.37,0
183,女,24,7,1,否,139,0,0,0,0,3.37,0
184,女,24,7,1,否,139,0,0,0,0,3.37,0
185,女,22,42,4,否,237,32,87.8,26,156.1,3.83,0
186,女,22,42,4,否,237,32,87.8,26,156.1,3.83,0
187,女,22,42,4,否,237,32,87.8,26,156.1,3.83,0
188,男,33,3,1,否,108,1,0,0,0,3.93,0
189,女,33,9,1,否,113,0,,191.7,0,3.87,1
190,女,63,53,2,是,347,18,0,535,0,3.76,1
191,男,22,12,1,是,143,0,0,0,0,2.89,1
192,女,39,25,2,是,339,17,0,248.1,266.9,3.26,0
193,女,39,25,2,是,339,17,0,248.1,266.9,3.26,0
194,女,39,25,2,是,339,17,0,248.1,266.9,3.26,0
195,男,54,33,3,否,200,15,0,0,0,4.04,0
196,男,54,33,3,否,200,15,0,0,0,4.04,0
13,男,28,34,1,否,239,0,0,0,0,3.5,0
14,男,33,33,1,否,239,0,0,0,0,3.5,0
15,男,21,45,2,是,268,0,0,415,0,2.94,0
16,男,22,42,2,是,268,0,0,415,0,2.94,0
17,女,41,68,2,,533,0,0,1155,0,4.28,1
18,男,33,5,1,是,147,7,0,0,0,4.83,0
19,男,54,57,4,是,362,28,0,0,0,4.74,0
20,男,54,57,4,是,362,28,0,0,0,4.74,0
21,男,48,34,3,否,183,0,0,0,0,3.89,1
22,女,29,26,4,是,184,29,0,236.5,373.5,4.34,0
23,女,29,26,4,是,184,29,0,236.5,373.5,4.34,0
24,男,30,6,2,否,125,15,0,0,0,2.77,0
25,女,48,55,1,否,351,0,,1390,0,4.2,1
26,女,35,20,2,是,135,12,0,0,0,3.95,0
27,女,35,21,2,是,135,12,0,0,,3.95,0
28,女,32,18,2,是,135,12,,0,0,3.95,0
29,女,36,20,2,是,135,12,0,0,,3.95,0
30,女,35,19,2,是,135,12,0,0,0,3.95,0
31,女,34,20,2,是,135,12,0,0,0,3.95,0
32,女,32,20,2,是,135,12,,0,0,3.95,0
33,女,35,20,2,是,135,,0,0,0,3.95,0
34,女,60,54,4,是,473,27,736.8,1018.4,1029.7,5.35,1
35,女,57,44,3,否,246,0,462.6,497.2,575.2,5.23,1
36,男,41,11,3,否,181,0,119.4,80.6,0,3.66,0
37,,42,11,3,否,181,0,119.4,80.6,0,3.66,0
38,男,41,11,3,否,181,0,119.4,80.6,0,3.66,0
39,男,40,11,3,否,181,0,119.4,80.6,0,3.66,0
40,男,41,11,3,否,181,0,119.4,80.6,0,3.66,0
41,女,41,10,3,否,100,0,129.2,360.8,0,3.4,1
42,女,36,9,4,是,163,28,0,0,0,4.13,0
43,女,39,8,4,是,163,28,0,0,0,4.13,0
44,女,36,9,4,是,163,28,0,0,0,4.13,0
45,女,40,7,4,是,163,28,0,0,0,4.13,0
46,,36,9,4,是,163,28,0,0,0,4.13,0
47,男,43,64,3,否,344,0,428.6,251.4,0,4.33,1
48,女,41,65,2,是,340,18,0,1065,0,4.3,1
49,女,39,47,4,是,205,18,0,272.8,572.2,3.58,0
50,女,41,47,4,是,205,18,0,272.8,572.2,3.58,0
51,男,34,9,1,否,109,4,0,0,0,3.5,0
52,男,36,9,1,否,109,4,0,0,0,3.5,0
53,男,34,9,1,否,109,4,0,0,0,3.5,0
54,男,32,9,1,否,109,4,0,0,0,3.5,0
55,男,34,9,1,否,109,4,0,0,0,3.5,0
56,男,36,5,3,是,115,,25.6,12.6,21.8,3.37,0
57,女,34,30,1,否,176,4,0,0,0,3.3,0
58,女,34,30,1,否,176,4,0,0,0,3.3,0
59,女,34,30,1,否,176,4,0,4.2,0,3.3,0
60,男,45,36,1,否,194,9,0,0,0,4.54,0
61,男,45,36,1,否,194,9,0,3,0,4.54,0
62,男,45,36,1,否,194,9,0,0,0,4.54,0
249,男,31,44,1,,210,0,0,530,0,3.4,1
250,女,76,61,3,否,422,0,972.5,442.5,0,2.71,1
251,女,21,43,2,否,202,0,0,0,0,3.22,0
252,女,21,43,2,否,202,0,0,0,0,3.22,0
253,女,21,43,2,否,202,0,0,0,0,3.22,0
254,男,45,64,3,否,325,0,420.5,189.5,0,3.64,0
255,男,45,64,3,,325,0,420.5,189.5,0,3.64,0
256,男,45,64,3,,325,0,420.5,189.5,0,3.64,0
257,女,38,64,2,否,400,0,485.4,524.6,0,3.37,1
258,男,26,24,1,否,202,0,0,0,0,4.01,1
259,男,33,33,2,否,226,12,0,362.2,367.8,3.74,1
260,女,40,2,1,是,128,5,0,0,0,4.9,1
261,男,48,42,4,是,236,0,446.4,303.6,0,4.41,1
262,女,54,52,2,是,271,17,0,0,0,5.03,0
263,女,54,52,2,是,271,17,0,0,0,5.03,0
264,女,25,3,4,是,107,9,0,30,0,3.09,0
265,男,57,28,2,是,131,12,0,0,,4.41,0
266,男,57,28,2,是,131,12,0,0,0,4.41,0
267,男,57,28,2,是,131,12,0,0,0,4.41,0
268,女,33,37,4,是,376,14,0,76.6,283.4,4.62,1
269,女,27,7,4,是,133,27,0,0,0,3.43,0
270,女,27,7,4,是,133,,0,0,0,3.43,0
271,男,46,19,1,是,171,0,0,90,0,3.26,1
272,男,53,70,2,否,708,0,0,1085,,5.21,1
273,女,51,62,2,是,593,24,0,296.7,718.3,3.76,1
274,女,55,48,1,否,293,0,0,0,0,3.26,1
275,,42,48,3,否,308,0,0,0,0,3.56,1
276,女,51,49,4,是,165,33,0,896.3,913.7,4.38,0
277,女,51,49,4,是,165,33,0,896.3,913.7,4.38,0
278,女,51,49,4,是,165,33,0,896.3,913.7,4.38,0
279,男,39,35,3,否,187,0,0,0,0,3.4,0
280,男,39,35,3,否,187,0,0,0,0,3.4,0
281,男,39,35,3,否,187,0,0,0,0,3.4,0
282,男,70,58,2,否,516,29,0,793,937,2.2,1
283,女,43,48,2,否,360,11,567.1,927.9,0,4.09,1
284,女,43,13,4,是,127,14,58,17,0,4.81,1
285,女,63,72,3,否,462,0,0,2180,,2.71,1
286,男,27,30,2,否,265,0,0,600,0,3.85,0
287,男,27,30,2,否,265,0,0,600,0,3.85,0
288,女,40,28,3,否,170,,0,0,0,4.16,1
289,女,32,48,4,否,173,0,433.4,382,574.6,4.48,1
290,女,38,29,2,是,217,4,0,0,0,3.83,1
291,男,21,1,1,是,104,14,0,0,0,2.89,0
292,女,33,28,4,是,141,14,0,0,0,2.64,0
293,女,33,28,4,是,141,14,0,0,0,2.64,0
294,女,35,15,2,是,153,7,0,0,0,3.53,0
1,女,42,13,1,否,124,0,0,110,0,4.16,0
2,女,40,9,1,否,124,0,0,110,0,4.16,0
3,女,41,13,1,否,124,0,0,110,0,4.16,0
4,女,44,11,1,否,124,0,0,110,0,4.16,0
5,,44,13,1,否,124,0,0,110,0,4.16,0
6,女,44,13,1,否,124,0,0,110,0,4.16,0
7,女,33,11,4,否,138,0,36.2,26.6,62.2,4.91,0
8,女,29,12,4,否,138,0,36.2,26.6,62.2,4.91,0
9,女,33,11,4,否,138,0,36.2,26.6,62.2,4.91,0
10,女,33,10,4,否,138,0,36.2,26.6,62.2,4.91,0
11,女,30,11,4,否,138,0,36.2,26.6,62.2,4.91,0
12,男,33,33,1,否,239,0,0,0,0,3.5,0
109,男,32,29,2,是,184,14,0,0,0,3.89,0
110,男,35,14,2,是,150,0,0,0,0,3.85,0
111,男,35,14,2,是,150,0,0,0,0,3.85,0
112,男,35,14,2,是,150,0,0,0,,3.85,0
113,男,35,14,2,是,150,0,0,0,0,3.85,0
114,男,35,14,2,是,150,0,0,0,0,3.85,0
115,男,35,14,2,是,150,0,0,0,,3.85,0
116,女,40,69,2,否,555,22,31.5,2320,0,3.71,1
117,男,50,61,2,是,302,0,0,745,0,4.62,1
118,男,22,45,2,否,249,7,0,0,0,3.58,0
119,男,22,45,2,否,249,7,0,0,0,3.58,0
120,男,37,3,1,是,90,0,0,0,0,3.18,1
121,女,31,3,1,否,119,4,17.9,27.1,0,3.33,0
122,女,42,17,2,是,166,16,0,0,0,4.88,0
123,女,42,17,2,是,166,16,11.2,23.4,0,4.88,0
124,女,42,17,2,是,166,13,10.6,4.7,0,4.88,0
125,女,42,17,2,是,166,12,0,0,0,4.88,0
126,女,42,17,2,是,166,16,0,0,0,4.88,0
127,女,42,17,2,是,166,16,0,0,0,4.88,0
128,女,42,17,2,是,166,16,0,0,0,4.88,0
129,女,42,17,2,是,166,16,0,0,0,4.88,0
130,女,42,17,2,是,166,16,0,0,0,4.88,0
131,女,42,17,2,是,166,16,0,0,0,4.88,0
132,女,29,19,1,是,158,0,0,0,0,2.89,0
133,女,29,19,1,是,158,0,0,0,0,2.89,0
134,女,29,19,1,是,158,0,0,0,0,2.89,0
135,女,29,19,1,是,180,0,0,0,0,2.89,0
136,女,29,19,1,是,158,0,0,0,0,2.89,0
137,,29,19,1,是,158,0,0,0,0,2.89,0
138,女,29,19,1,是,158,0,0,0,0,2.89,0
139,女,29,19,1,是,158,0,0,0,0,2.89,0
140,女,31,29,2,是,242,8,0,0,0,4.09,0
141,女,31,29,2,是,242,8,0,0,0,4.09,0
142,男,22,14,2,否,239,8,0,0,0,2.56,0
143,男,22,14,2,否,239,8,0,0,0,2.56,0
144,男,22,14,2,否,239,8,0,0,0,2.56,0
145,男,22,14,2,否,239,8,0,0,0,2.56,0
146,男,22,14,2,否,239,8,0,0,0,2.56,0
147,男,22,14,2,否,239,8,0,0,0,2.56,0
148,女,52,62,3,否,513,0,757,741.5,706.5,5.27,0
349,男,35,47,4,是,265,28,0,0,0,4.25,0
350,男,34,61,4,是,427,33,342,213.8,539.2,4.25,0
351,男,34,61,4,是,427,33,342,213.8,539.2,4.25,0
352,女,38,56,4,是,552,26,262.8,113,269.2,4.03,1
353,男,45,61,2,否,412,0,0,2200,0,4.38,1
354,女,34,12,1,否,131,0,0,0,0,3.78,1
355,男,31,10,2,是,158,9,0,0,0,3.47,0
356,男,31,10,2,是,158,9,0,0,0,3.47,0
357,男,31,10,2,是,158,9,0,0,0,3.47,0
358,男,31,10,2,是,158,9,0,0,0,3.47,0
359,男,31,10,2,是,158,9,0,0,0,3.47,0
360,,31,53,2,否,592,24,665.7,1349.3,0,3.83,1
361,男,57,60,3,否,401,0,387.9,268,589.1,4.67,1
362,男,31,64,2,是,533,16,0,388.4,726.6,3.83,1
363,女,49,46,1,否,195,0,0,945,0,3.93,0
364,女,49,46,1,否,195,0,0,945,0,3.93,0
365,女,49,46,1,否,195,0,0,945,0,3.93,0
366,女,43,61,4,是,551,38,629.1,528.3,822.6,3.53,0
367,女,43,61,4,是,551,38,629.1,528.3,822.6,3.53,0
368,女,43,61,4,是,551,38,629.1,528.3,822.6,3.53,0
369,女,38,28,4,是,151,28,0,0,0,4.78,0
370,女,38,28,4,是,151,28,0,0,0,4.78,0
371,女,38,28,4,是,151,28,0,0,0,4.78,0
372,男,43,32,3,否,416,0,257.1,119,133.9,4.98,1
373,男,42,52,3,否,443,0,641.4,408.6,0,3.3,1
374,女,43,37,2,否,212,0,0,0,0,3.64,1
375,女,52,41,3,否,203,0,301.9,163.1,0,6.83,1
376,男,60,67,3,否,552,0,0,1530,0,3.18,1
377,男,32,44,4,是,155,43,89.4,35.6,235,4.56,1
378,男,29,50,4,否,314,34,239.1,59.8,241.2,3.97,1
379,男,31,5,1,是,102,0,0,0,0,3.04,0
380,男,34,10,2,是,136,14,0,0,0,3.95,0
381,男,34,10,2,是,136,14,0,0,0,3.95,0
382,男,34,10,2,是,136,14,0,0,0,3.95,0
383,男,34,10,2,是,136,14,0,0,0,3.95,0
384,男,34,10,2,是,136,14,0,0,0,3.95,0
385,男,45,65,3,否,247,9,842.8,1462.2,0,4.2,1
386,女,45,8,2,是,143,13,0,0,0,3.61,0
387,男,20,1,1,是,68,5,0,0,0,3.04,0
388,男,58,42,2,否,122,0,0,0,0,3.09,1
389,男,35,17,3,否,212,0,0,0,0,4.34,1
390,男,24,8,4,是,109,20,39.3,46.3,79.4,2.89,0
391,女,46,56,2,是,504,14,0,525,0,3.5,1
392,男,57,42,1,否,239,0,0,475,0,5.34,1
99,女,33,17,4,是,254,17,0,70.3,149.7,3.14,0
100,女,33,17,4,是,254,17,0,70.3,149.7,3.14,0
101,男,36,43,2,否,281,3,338.8,571.2,0,4.67,0
102,男,36,43,2,否,281,4,338.8,571.2,0,4.67,0
103,男,36,43,2,否,281,1,338.8,571.2,0,4.67,0
104,男,25,47,3,否,223,5,312.7,92.3,0,3.04,0
105,男,25,47,3,否,223,3,312.7,92.3,0,3.04,0
106,女,20,13,4,是,111,12,0,155,0,2.83,1
107,女,24,12,3,否,130,0,140.4,154.6,0,2.94,0
108,男,32,29,2,是,184,14,0,0,0,3.89,0
205,女,39,71,3,否,775,0,1097.4,1522.6,0,3.69,1
206,男,51,17,1,否,199,0,0,0,0,4.55,0
207,男,51,17,1,否,199,0,0,0,0,4.55,0
208,男,51,17,1,否,199,0,0,0,0,4.55,0
209,男,51,17,1,否,199,0,0,0,0,4.55,0
210,男,51,17,1,否,199,0,0,0,0,4.55,0
211,男,51,17,1,否,199,0,0,0,0,4.55,0
212,男,51,17,1,否,199,0,0,0,0,4.55,0
213,男,51,17,1,否,199,0,0,0,0,4.55,0
214,男,51,17,1,否,199,0,0,0,0,4.55,0
215,男,51,17,1,否,199,0,0,0,0,4.55,0
216,女,65,65,3,否,474,0,586,354,0,4.85,1
217,男,40,7,1,是,106,0,0,0,0,3.5,1
218,男,66,72,4,否,1838,28,0,1245,0,6.13,1
219,女,43,35,1,否,204,0,0,330,0,5.41,1
220,女,63,63,2,否,304,0,0,435,0,5.25,1
221,女,31,38,4,否,303,0,240.1,384.2,540.7,5.23,0
222,女,31,38,4,否,303,0,240.1,384.2,540.7,5.23,0
223,女,31,38,4,否,303,0,240.1,384.2,540.7,5.23,0
224,男,69,72,3,否,2049,0,0,875,0,3.78,1
225,男,27,10,4,是,200,30,12.8,7.5,39.7,2.71,0
226,男,27,10,4,是,200,30,12.8,7.5,39.7,2.71,0
227,男,27,10,4,是,200,30,12.8,7.5,39.7,2.71,0
228,男,27,10,4,是,200,30,12.8,7.5,39.7,2.71,0
229,男,27,10,4,是,200,30,12.8,7.5,39.7,2.71,0
230,女,33,3,1,是,93,2,0,0,0,4.16,0
231,女,24,39,1,是,258,0,0,480,0,3.26,0
232,女,24,39,1,是,258,0,0,480,0,3.26,0
233,女,24,39,1,是,258,0,0,480,0,3.26,0
234,女,25,23,4,是,189,18,0,0,0,2.94,0
235,女,25,23,4,是,189,18,0,0,0,2.94,0
236,女,25,23,4,是,189,18,0,0,0,2.94,0
237,女,25,23,4,是,189,18,0,0,0,2.94,0
238,女,25,23,4,是,189,18,0,0,0,2.94,0
239,女,25,23,4,是,189,18,0,0,0,2.94,0
240,男,30,8,3,否,135,0,0,75,0,3.53,1
241,男,36,3,4,是,104,5,0,0,0,3.53,1
242,男,30,6,1,否,77,0,0,0,0,3.81,0
243,女,47,48,4,否,356,0,292.2,164,333.7,4.28,0
244,女,47,48,4,否,356,0,292.2,164,333.7,4.28,0
245,男,43,43,4,否,232,29,256.2,100.6,318.2,4.01,1
246,女,33,6,3,否,172,0,35.6,46.1,43.3,3.26,0
247,女,37,7,1,否,126,0,0,0,0,4.04,1
248,女,52,50,4,是,289,0,678.6,592.2,1059.2,3.58,1
449,女,32,5,1,是,114,3,0,0,0,3.5,0
450,男,37,19,2,是,210,0,0,0,0,4.6,0
451,男,37,19,2,是,210,0,0,0,0,4.6,0
452,男,37,19,2,是,210,0,0,0,0,4.6,0
453,男,37,19,2,是,210,0,0,0,0,4.6,0
454,男,37,19,2,是,210,0,0,0,0,4.6,0
455,男,37,19,2,是,210,0,0,0,0,4.6,0
456,男,37,19,2,是,210,0,0,0,0,4.6,0
457,男,37,19,2,是,210,0,0,0,0,4.6,0
458,男,40,54,4,是,506,0,0,40.7,269.3,3.91,1
459,女,36,1,2,是,77,4,0,0,0,3.04,0
460,男,68,54,1,是,417,0,0,325,0,5.61,1
461,女,28,14,1,是,166,2,0,0,0,2.83,0
462,女,28,14,1,是,166,2,0,0,0,2.83,0
463,女,28,14,1,是,166,2,0,0,0,2.83,0
464,女,28,14,1,是,166,2,0,0,0,2.83,0
465,女,28,14,1,是,166,2,0,0,0,2.83,0
466,女,28,14,1,是,166,2,0,0,0,2.83,0
467,男,45,10,2,是,164,9,0,0,0,4.74,0
468,男,45,10,2,是,164,9,0,0,0,4.74,0
469,男,45,10,2,是,164,9,0,0,0,4.74,0
470,男,45,10,2,是,164,9,0,0,0,4.74,0
471,男,45,10,2,是,164,9,0,0,0,4.74,0
472,男,23,7,1,否,123,0,31.7,23.3,0,3.3,1
473,女,45,33,3,否,163,0,378.2,401.8,0,3.56,0
474,女,45,33,3,否,163,0,378.2,401.8,0,3.56,0
475,女,55,72,2,否,735,0,0,2770,0,3.69,1
476,女,29,25,1,是,155,0,0,0,0,4.01,0
477,女,29,25,1,是,155,0,0,0,0,4.01,0
478,女,29,25,1,是,155,0,0,0,0,4.01,0
479,女,50,12,1,是,149,0,42.9,21.9,55.2,5.31,0
480,女,38,13,4,是,255,0,65.9,78.9,180.3,4.64,0
481,女,38,13,4,是,255,0,65.9,78.9,180.3,4.64,0
482,女,38,13,4,是,255,0,65.9,78.9,180.3,4.64,0
483,女,38,13,4,是,255,0,65.9,78.9,180.3,4.64,0
484,女,38,13,4,是,255,0,65.9,78.9,180.3,4.64,0
485,女,38,13,4,是,255,0,65.9,78.9,180.3,4.64,0
486,女,38,13,4,是,255,0,65.9,78.9,180.3,4.64,0
487,女,24,6,3,否,115,0,26.1,18.9,0,2.83,1
488,男,46,25,3,否,158,0,0,0,0,3.81,1
489,女,39,15,2,是,119,13,0,0,0,3.47,0
490,女,39,22,2,是,174,2,0,0,0,4.14,0
197,男,54,57,1,否,262,0,0,930,0,3.04,1
198,男,33,13,4,是,151,22,47.9,32.4,74.7,3.64,1
199,男,21,13,2,否,208,6,0,40,0,2.94,0
200,男,21,13,2,否,208,6,0,40,0,2.94,0
201,男,21,13,2,否,208,6,0,40,0,2.94,0
202,男,21,13,2,否,208,6,0,40,0,2.94,0
203,男,21,13,2,否,208,6,0,40,0,2.94,0
204,男,21,13,2,否,208,6,0,40,0,2.94,0
301,男,52,45,2,是,238,0,0,395,0,3.83,0
302,男,52,45,2,是,238,0,0,395,0,3.83,0
303,男,39,25,2,否,129,12,0,0,0,4.54,0
304,男,39,25,2,否,129,12,0,0,0,4.54,0
305,男,39,25,2,否,129,12,0,0,0,4.54,0
306,男,68,17,4,否,121,0,129.7,202.3,193,5.81,1
307,女,45,41,1,是,206,23,0,201.3,333.7,3.22,0
308,女,45,41,1,是,206,23,0,201.3,333.7,3.22,0
309,男,45,13,3,否,224,0,0,240,0,4.6,0
310,男,45,13,3,否,224,0,0,240,0,4.6,0
311,男,45,13,3,否,224,0,0,240,0,4.6,0
312,男,45,13,3,否,224,0,0,240,0,4.6,0
313,男,45,13,3,否,224,0,0,240,0,4.6,0
314,男,45,13,3,否,224,0,0,240,0,4.6,0
315,男,26,1,1,是,71,0,0,0,0,3.4,0
316,男,31,3,4,是,137,15,0,0,0,3.56,0
317,男,27,23,1,否,128,5,0,0,0,3.93,0
318,男,27,23,1,否,128,5,0,0,0,3.93,0
319,男,27,23,1,否,128,5,0,0,0,3.93,0
320,男,27,23,1,否,128,5,0,0,0,3.93,0
321,男,27,23,1,否,128,5,0,0,0,3.93,0
322,男,27,23,1,否,128,5,0,0,0,3.93,0
323,女,42,26,4,是,120,25,202.4,198.3,224.3,3.89,0
324,女,42,26,4,是,120,25,202.4,198.3,224.3,3.89,0
325,女,30,5,2,是,136,13,0,0,0,3.83,0
326,男,27,32,4,是,160,24,26.2,6.1,67.6,4.51,0
327,男,27,32,4,是,160,24,26.2,6.1,67.6,4.51,0
328,男,27,32,4,是,160,24,26.2,6.1,67.6,4.51,0
329,男,25,3,1,是,110,12,0,0,0,3.81,0
330,男,26,26,4,是,206,20,0,0,0,2.64,0
331,男,26,26,4,是,206,20,0,0,0,2.64,0
332,男,26,26,4,是,206,20,0,0,0,2.64,0
333,男,36,14,1,否,331,6,0,0,0,4.2,1
334,男,47,65,1,否,431,0,0,900,0,3.61,1
335,男,31,28,3,否,295,0,0,0,0,3.74,1
336,女,43,30,1,是,190,8,0,0,0,3.97,1
337,女,29,8,1,否,133,5,0,0,0,3.04,0
338,男,47,46,3,否,120,0,0,0,0,4.97,0
339,男,47,46,3,否,120,0,0,0,0,4.97,0
340,男,47,46,3,否,120,0,0,0,0,4.97,0
341,女,60,71,4,否,521,0,1020.7,444.3,0,6.23,1
342,男,66,45,1,否,171,0,0,880,0,4.47,1
343,女,31,5,3,否,82,12,20.8,15.3,23.9,3.53,0
344,男,38,17,2,否,221,0,0,0,0,2.89,1
345,女,55,70,3,否,584,0,990.2,474.8,0,4.17,1
346,女,24,6,3,否,138,0,37.4,117.6,0,3.33,0
347,男,76,37,1,否,200,0,0,230,0,4.76,1
348,男,35,47,4,是,265,28,0,0,0,4.25,0
549,女,35,23,4,是,178,19,0,148.5,301.5,4.56,0
550,女,35,23,4,是,178,19,0,148.5,301.5,4.56,0
551,女,35,23,4,是,178,19,0,148.5,301.5,4.56,0
552,女,35,23,4,是,178,19,0,148.5,301.5,4.56,0
553,女,44,31,2,是,331,11,0,0,0,4.38,0
554,女,44,31,2,是,331,11,0,0,0,4.38,0
555,女,44,55,3,否,182,0,1004.1,680.9,0,4.22,1
556,男,30,34,3,是,231,0,200.4,74.6,0,3.56,1
557,女,35,23,1,是,208,11,0,0,0,4.77,0
558,女,35,23,1,是,208,11,0,0,0,4.77,0
559,女,35,23,1,是,208,11,0,0,0,4.77,0
560,女,35,23,1,是,208,11,0,0,0,4.77,0
561,女,35,23,1,是,208,11,0,0,0,4.77,0
562,女,35,23,1,是,208,11,0,0,0,4.77,0
563,女,30,1,1,是,72,4,1.9,0.9,0,4.91,0
564,男,55,66,3,否,330,0,652.2,312.8,0,4.38,1
565,男,40,13,1,否,219,0,0,0,0,4.96,0
566,男,40,13,1,否,219,0,0,0,0,4.96,0
567,男,40,13,1,否,219,0,0,0,0,4.96,0
568,男,40,13,1,否,219,0,0,0,0,4.96,0
569,男,40,13,1,否,219,0,0,0,0,4.96,0
570,男,40,13,1,否,219,0,0,0,0,4.96,0
571,男,40,13,1,否,219,0,0,0,0,4.96,0
572,男,44,4,3,否,92,7,15.3,9.7,0,3.47,0
573,男,24,11,4,是,158,20,35.4,30.4,74.2,3.43,0
574,男,24,11,4,是,158,20,35.4,30.4,74.2,3.43,0
575,男,24,11,4,是,158,20,35.4,30.4,74.2,3.43,0
576,男,24,11,4,是,158,20,35.4,30.4,74.2,3.43,0
577,男,24,11,4,是,158,20,35.4,30.4,74.2,3.43,0
578,男,26,6,1,否,177,1,0,0,0,3.4,0
579,男,29,2,4,是,92,24,1.3,1,2.7,3.78,0
580,女,40,37,2,是,428,0,0,470,0,3.26,1
581,男,40,35,1,否,118,0,0,0,0,3.89,1
582,女,47,41,1,否,184,1,0,1240,0,4.5,0
583,女,47,41,1,否,184,1,0,1240,0,4.5,0
584,女,47,41,1,否,184,1,0,1240,0,4.5,0
585,女,24,31,1,否,194,0,0,0,0,2.64,1
586,女,63,62,3,否,342,0,0,845,0,5.83,0
587,女,63,62,3,否,342,0,0,845,0,5.83,0
588,女,22,23,3,否,208,0,204.8,140.2,0,3.3,1
295,男,49,48,4,否,190,24,354.7,340.2,445.1,3.66,0
296,男,49,48,4,否,190,24,354.7,340.2,445.1,3.66,0
297,男,49,48,4,否,190,24,354.7,340.2,445.1,3.66,0
298,女,25,59,1,否,452,14,0,1415,0,2.89,1
299,女,26,8,1,是,113,1,0,0,0,3.22,0
300,男,52,45,2,是,238,0,0,395,0,3.83,0
397,男,20,11,4,是,145,20,45,26.4,83.6,3,0
398,男,20,11,4,是,145,20,45,26.4,83.6,3,0
399,男,20,11,4,是,145,20,45,26.4,83.6,3,0
400,男,20,11,4,是,145,20,45,26.4,83.6,3,0
401,女,30,45,4,是,192,21,292.1,118.3,364.6,4.14,0
402,女,30,45,4,是,192,21,292.1,118.3,364.6,4.14,0
403,女,30,45,4,是,192,21,292.1,118.3,364.6,4.14,0
404,女,31,4,4,是,148,23,9,3.5,12.6,3.66,0
405,女,36,42,3,否,190,0,0,0,0,3.78,1
406,男,32,60,2,否,529,0,0,615,0,3.53,1
407,女,35,29,3,否,363,0,354.2,500.8,0,4.01,0
408,女,35,29,3,否,363,0,354.2,500.8,0,4.01,0
409,女,35,29,3,否,363,0,354.2,500.8,0,4.01,0
410,女,41,22,1,否,305,0,0,0,0,3.37,0
411,女,41,22,1,否,305,0,0,0,0,3.37,0
412,女,41,22,1,否,305,0,0,0,0,3.37,0
413,女,41,22,1,否,305,0,0,0,0,3.37,0
414,女,41,22,1,否,305,0,0,0,0,3.37,0
415,女,41,22,1,否,305,0,0,0,0,3.37,0
416,男,41,50,2,是,297,9,397.9,292.1,0,4.93,0
417,男,41,50,2,是,297,9,397.9,292.1,0,4.93,0
418,男,44,5,2,否,143,6,0,0,0,4.42,0
419,女,27,26,4,是,167,23,108.4,56.3,145.2,3.5,0
420,女,27,26,4,是,167,23,108.4,56.3,145.2,3.5,0
421,女,27,26,4,是,167,23,108.4,56.3,145.2,3.5,0
422,男,33,10,1,否,192,0,100.5,119.5,0,4.19,0
423,男,33,10,1,否,192,0,100.5,119.5,0,4.19,0
424,男,33,10,1,否,192,0,100.5,119.5,0,4.19,0
425,男,33,10,1,否,192,0,100.5,119.5,0,4.19,0
426,男,33,10,1,否,192,0,100.5,119.5,0,4.19,0
427,女,30,26,4,否,195,0,369.3,470.7,0,2.89,0
428,女,30,26,4,否,195,0,369.3,470.7,0,2.89,0
429,女,30,26,4,否,195,0,369.3,470.7,0,2.89,0
430,男,46,71,4,是,907,51,0,120.5,899.5,4.78,1
431,女,48,11,3,否,155,0,79.4,57.5,68.1,5.78,0
432,女,48,11,3,否,155,0,79.4,57.5,68.1,5.78,0
433,女,48,11,3,否,155,0,79.4,57.5,68.1,5.78,0
434,女,48,11,3,否,155,0,79.4,57.5,68.1,5.78,0
435,女,48,11,3,否,155,0,79.4,57.5,68.1,5.78,0
436,男,34,16,1,否,237,0,0,0,0,4.03,0
437,男,34,16,1,否,237,0,0,0,0,4.03,0
438,男,34,16,1,否,237,0,0,0,0,4.03,0
439,男,34,16,1,否,237,0,0,0,0,4.03,0
440,男,34,16,1,否,237,0,0,0,0,4.03,0
441,男,34,16,1,否,237,0,0,0,0,4.03,0
442,男,34,16,1,否,237,0,0,0,0,4.03,0
443,男,34,16,1,否,237,0,0,0,0,4.03,0
444,男,34,16,1,否,237,0,0,0,0,4.03,0
445,男,34,16,1,否,237,0,0,0,0,4.03,0
446,女,51,37,2,是,214,0,0,480,0,3.18,1
447,女,30,5,3,否,98,9,0,0,0,3.22,0
448,男,55,3,2,是,178,12,0,0,0,3.26,0
687,女,24,4,1,否,114,0,0,0,0,2.83,0
688,男,33,54,3,否,328,0,689,436,0,3.85,1
689,男,49,7,3,否,227,0,87.1,237.9,0,3.58,0
690,男,49,7,3,否,227,0,87.1,237.9,0,3.58,0
691,男,49,7,3,否,227,0,87.1,237.9,0,3.58,0
692,女,28,10,4,是,174,23,90.1,131,118.9,4.32,0
693,女,28,10,4,是,174,23,90.1,131,118.9,4.32,0
694,女,28,10,4,是,174,23,90.1,131,118.9,4.32,0
695,女,28,10,4,是,174,23,90.1,131,118.9,4.32,0
696,女,28,10,4,是,174,23,90.1,131,118.9,4.32,0
697,女,31,12,1,是,124,5,0,0,0,2.89,0
698,男,21,3,1,否,114,0,0,0,0,3.58,1
699,女,35,8,4,是,138,17,0,0,0,3.43,0
700,男,49,8,4,是,110,40,41.4,31.9,81.8,4.9,0
701,女,28,9,2,是,140,10,0,0,0,3.33,0
702,女,28,9,2,是,140,10,0,0,0,3.33,0
703,女,28,9,2,是,140,10,0,0,0,3.33,0
704,女,28,9,2,是,140,10,0,0,0,3.33,0
705,女,28,9,2,是,140,10,0,0,0,3.33,0
706,男,19,12,2,否,167,3,0,0,0,2.71,1
707,男,61,58,2,否,377,0,0,925,0,4.62,1
708,男,25,9,1,否,294,0,0,0,0,3.3,0
709,男,25,9,1,否,294,0,0,0,0,3.3,0
710,男,25,9,1,否,294,0,0,0,0,3.3,0
711,男,25,9,1,否,294,0,0,0,0,3.3,0
712,男,25,9,1,否,294,0,0,0,0,3.3,0
713,男,25,49,2,是,248,24,0,45.8,224.2,3.3,1
714,女,54,52,3,否,355,0,366.5,245.3,443.2,4.08,1
715,男,42,10,4,是,147,25,57.9,49.5,77.6,5.68,0
716,男,42,10,4,是,147,25,57.9,49.5,77.6,5.68,0
717,男,42,10,4,是,147,25,57.9,49.5,77.6,5.68,0
718,男,42,10,4,是,147,25,57.9,49.5,77.6,5.68,0
719,男,42,10,4,是,147,25,57.9,49.5,77.6,5.68,0
720,男,36,12,2,是,169,19,0,0,0,5.32,0
721,男,59,65,2,是,253,0,0,820,0,6.6,1
722,女,40,67,3,否,590,0,750.8,494.2,0,4.08,1
723,男,67,71,3,否,727,0,638.9,536.1,0,4.7,1
724,男,44,5,3,否,130,0,19.2,14.8,16,4.42,0
725,男,58,60,2,是,377,5,546.4,258.6,0,4.14,1
726,男,40,10,1,否,151,0,0,0,0,3.09,0
727,男,40,10,1,否,151,0,0,0,0,3.09,0
728,男,40,10,1,否,151,0,0,0,0,3.09,0
729,男,40,10,1,否,151,0,0,0,0,3.09,0
730,男,40,10,1,否,151,0,0,0,0,3.09,0
731,女,64,52,4,否,307,30,384.7,323.9,501.4,3.76,1
732,女,47,67,3,否,1037,0,500.1,189.9,0,4.23,1
733,男,28,30,1,否,298,0,0,0,0,3,0
734,男,28,30,1,否,298,0,0,0,0,3,0
735,男,28,30,1,否,298,0,0,0,0,3,0
736,女,46,24,4,是,291,0,361.7,247.3,211,3.76,1
737,男,75,72,2,否,1036,0,1008.9,826.1,0,3.5,1
738,女,35,17,4,是,153,10,0,44.4,110.6,4.19,0
739,女,35,17,4,是,153,10,0,44.4,110.6,4.19,0
740,女,35,17,4,是,153,10,0,44.4,110.6,4.19,0
741,女,35,17,4,是,153,10,0,44.4,110.6,4.19,0
742,女,35,17,4,是,153,10,0,44.4,110.6,4.19,0
743,女,35,17,4,是,153,10,0,44.4,110.6,4.19,0
744,女,35,17,4,是,153,10,0,44.4,110.6,4.19,0
745,女,35,17,4,是,153,10,0,44.4,110.6,4.19,0
746,女,35,17,4,是,153,10,0,44.4,110.6,4.19,0
747,女,35,17,4,是,153,10,0,44.4,110.6,4.19,0
748,女,72,65,3,否,642,0,0,1160,0,2.48,1
749,男,33,34,2,否,200,0,0,0,0,3.56,0
750,男,33,34,2,否,200,0,0,0,0,3.56,0
751,男,43,26,2,否,208,3,0,0,0,3.93,0
752,男,43,26,2,否,208,3,0,0,0,3.93,0
753,男,43,26,2,否,208,3,0,0,0,3.93,0
754,女,54,16,3,否,189,0,70.3,19.7,0,4.99,1
755,男,33,1,1,否,89,0,0,0,0,3.97,0
756,女,42,54,4,是,336,43,367.8,127.6,554.7,4.01,0
757,女,42,54,4,是,336,43,367.8,127.6,554.7,4.01,0
758,男,55,25,1,否,269,0,0,0,0,3.61,0
759,男,55,25,1,否,269,0,0,0,0,3.61,0
760,男,55,25,1,否,269,0,0,0,0,3.61,0
761,男,69,47,4,是,266,19,338.8,200.4,485.8,5.43,0
762,男,69,47,4,是,266,19,338.8,200.4,485.8,5.43,0
763,男,69,47,4,是,266,19,338.8,200.4,485.8,5.43,0
764,女,53,60,3,否,317,0,822.6,437.4,0,4.53,1
765,男,32,19,4,是,155,43,68.5,54.2,152.3,4.26,0
766,男,32,19,4,是,155,43,68.5,54.2,152.3,4.26,0
767,男,32,19,4,是,155,43,68.5,54.2,152.3,4.26,0
768,男,32,19,4,是,155,43,68.5,54.2,152.3,4.26,0
769,男,32,19,4,是,155,43,68.5,54.2,152.3,4.26,0
770,男,32,19,4,是,155,43,68.5,54.2,152.3,4.26,0
771,男,32,19,4,是,155,43,68.5,54.2,152.3,4.26,0
772,男,32,19,4,是,155,43,68.5,54.2,152.3,4.26,0
773,男,37,9,1,否,98,6,0,0,0,2.64,0
774,男,37,9,1,否,98,6,0,0,0,2.64,0
775,男,37,9,1,否,98,6,0,0,0,2.64,0
776,男,37,9,1,否,98,6,0,0,0,2.64,0
777,男,37,9,1,否,98,6,0,0,0,2.64,0
778,男,34,1,1,否,82,0,0,0,0,2.89,0
779,男,28,10,4,是,176,8,0,0,0,3.58,1
780,女,34,45,2,是,181,13,0,0,0,3.76,0
781,女,34,45,2,是,181,13,0,0,0,3.76,0
782,女,34,45,2,是,181,13,0,0,0,3.76,0
783,男,28,25,3,是,166,15,152.6,337.4,284.9,3.71,0
784,男,28,25,3,是,166,15,152.6,337.4,284.9,3.71,0
785,男,39,66,2,否,282,0,0,785,0,4.19,1
786,男,67,27,3,否,122,13,190.9,129.1,0,3.5,0
787,男,67,27,3,否,122,13,190.9,129.1,0,3.5,0
788,男,25,3,4,是,116,15,0,5,0,4.17,0
789,女,38,15,1,否,127,0,0,0,0,3.83,0
790,女,57,60,4,是,457,31,313.7,221.7,604.6,4.28,1
791,男,65,72,3,否,1123,0,1162.4,3422.6,0,4.26,1
792,男,50,48,4,是,308,24,170.6,90,309.4,5.34,0
793,男,50,48,4,是,308,24,170.6,90,309.4,5.34,0
794,男,50,48,4,是,308,24,170.6,90,309.4,5.34,0
795,男,57,68,4,是,372,0,546.5,209.1,564.4,2.71,0
796,男,57,68,4,是,372,0,546.5,209.1,564.4,2.71,0
797,男,57,68,4,是,372,0,546.5,209.1,564.4,2.71,0
798,女,51,20,3,是,231,0,146.8,68.2,0,3.3,1
799,女,52,61,3,否,414,11,414.9,155.1,0,2.94,0
800,女,52,61,3,否,414,11,414.9,155.1,0,2.94,0
801,女,52,61,3,否,414,11,414.9,155.1,0,2.94,0
802,男,35,19,4,否,123,21,140.6,80.8,163.6,4.06,0
803,男,35,19,4,否,123,21,140.6,80.8,163.6,4.06,0
804,男,35,19,4,否,123,21,140.6,80.8,163.6,4.06,0
805,男,35,19,4,否,123,21,140.6,80.8,163.6,4.06,0
806,男,35,19,4,否,123,21,140.6,80.8,163.6,4.06,0
807,男,35,19,4,否,123,21,140.6,80.8,163.6,4.06,0
808,男,35,19,4,否,123,21,140.6,80.8,163.6,4.06,0
809,男,35,19,4,否,123,21,140.6,80.8,163.6,4.06,0
810,男,61,24,1,是,214,0,0,265,0,4.72,0
811,男,40,14,4,是,178,24,59.4,78.3,157.3,5.99,0
812,男,40,14,4,是,178,24,59.4,78.3,157.3,5.99,0
813,男,40,14,4,是,178,24,59.4,78.3,157.3,5.99,0
814,男,40,14,4,是,178,24,59.4,78.3,157.3,5.99,0
815,男,40,14,4,是,178,24,59.4,78.3,157.3,5.99,0
816,男,40,14,4,是,178,24,59.4,78.3,157.3,5.99,0
817,男,74,30,3,否,195,0,372.6,212.4,0,2.3,1
818,女,42,40,2,是,149,11,0,0,0,4.68,0
819,女,42,40,2,是,149,11,0,0,0,4.68,0
820,男,34,20,2,否,163,0,0,0,0,3.93,0
821,男,34,20,2,否,163,0,0,0,0,3.93,0
822,男,34,20,2,否,163,0,0,0,0,3.93,0
823,男,34,20,2,否,163,0,0,0,0,3.93,0
824,男,34,20,2,否,163,0,0,0,0,3.93,0
825,男,34,20,2,否,163,0,0,0,0,3.93,0
826,男,34,20,2,否,163,0,0,0,0,3.93,0
827,男,34,20,2,否,163,0,0,0,0,3.93,0
828,男,36,5,3,否,120,0,0,0,0,3.53,0
829,女,50,70,2,否,1088,0,0,1075,0,4.2,1
830,女,57,30,1,否,195,0,0,285,0,2.94,0
831,女,57,30,1,否,195,0,0,285,0,2.94,0
832,女,57,30,1,否,195,0,0,285,0,2.94,0
833,男,48,28,4,是,250,35,143.7,183.5,382.9,4.85,0
834,男,48,28,4,是,250,35,143.7,183.5,382.9,4.85,0
835,男,48,28,4,是,250,35,143.7,183.5,382.9,4.85,0
836,男,39,17,1,是,223,10,0,0,0,3.81,0
837,男,39,17,1,是,223,10,0,0,0,3.81,0
838,男,39,17,1,是,223,10,0,0,0,3.81,0
839,男,39,17,1,是,223,10,0,0,0,3.81,0
840,男,39,17,1,是,223,10,0,0,0,3.81,0
841,男,39,17,1,是,223,10,0,0,0,3.81,0
842,男,39,17,1,是,223,10,0,0,0,3.81,0
843,男,39,17,1,是,223,10,0,0,0,3.81,0
844,男,39,17,1,是,223,10,0,0,0,3.81,0
845,男,39,17,1,是,223,10,0,0,0,3.81,0
846,男,48,24,1,否,161,0,0,265,0,3.64,1
847,男,54,24,1,是,279,10,0,220,0,4.43,0
848,女,32,59,2,是,634,0,411.2,243.8,0,4.29,0
849,女,32,59,2,是,634,0,411.2,243.8,0,4.29,0
850,女,32,59,2,是,634,0,411.2,243.8,0,4.29,0
851,女,31,19,2,否,147,0,0,0,0,3.09,0
852,女,31,19,2,否,147,0,0,0,0,3.09,0
853,女,31,19,2,否,147,0,0,0,0,3.09,0
854,女,31,19,2,否,147,0,0,0,0,3.09,0
855,女,31,19,2,否,147,0,0,0,0,3.09,0
856,女,31,19,2,否,147,0,0,0,0,3.09,0
857,女,31,19,2,否,147,0,0,0,0,3.09,0
858,女,31,19,2,否,147,0,0,0,0,3.09,0
859,男,46,58,1,否,272,7,0,625,0,3.14,1
860,女,53,41,2,否,303,0,0,500,0,4.54,1
861,女,33,16,3,否,235,22,69.8,59,136.2,3.4,0
862,女,33,16,3,否,235,22,69.8,59,136.2,3.4,0
863,女,33,16,3,否,235,22,69.8,59,136.2,3.4,0
864,女,33,16,3,否,235,22,69.8,59,136.2,3.4,0
865,女,33,16,3,否,235,22,69.8,59,136.2,3.4,0
866,女,33,16,3,否,235,22,69.8,59,136.2,3.4,0
867,女,33,16,3,否,235,22,69.8,59,136.2,3.4,0
868,女,33,16,3,否,235,22,69.8,59,136.2,3.4,0
869,女,33,16,3,否,235,22,69.8,59,136.2,3.4,0
870,女,33,16,3,否,235,22,69.8,59,136.2,3.4,0
871,女,36,13,1,否,96,0,0,0,0,3.43,0
872,女,36,13,1,否,96,0,0,0,0,3.43,0
873,女,36,13,1,否,96,0,0,0,0,3.43,0
874,女,36,13,1,否,96,0,0,0,0,3.43,0
875,女,36,13,1,否,96,0,0,0,0,3.43,0
876,女,36,13,1,否,96,0,0,0,0,3.43,0
877,女,36,13,1,否,96,0,0,0,0,3.43,0
878,男,53,60,3,否,248,0,682.9,387.1,0,5.14,1
879,男,39,33,4,是,244,23,60.4,23.6,171,3.3,1
880,男,45,72,4,否,655,0,0,212.6,687.4,4.58,1
881,男,54,66,4,否,550,26,333.4,155.7,515.9,6.38,1
882,男,40,40,3,否,250,0,0,188.8,366.2,4.29,0
883,男,40,40,3,否,250,0,0,188.8,366.2,4.29,0
884,男,40,40,3,否,250,0,0,188.8,366.2,4.29,0
885,男,26,29,4,是,172,28,0,287.9,422.1,3.09,0
886,男,26,29,4,是,172,28,0,287.9,422.1,3.09,0
887,男,26,29,4,是,172,28,0,287.9,422.1,3.09,0
888,男,54,56,2,是,304,20,386.9,383,540.1,4.99,1
889,女,39,39,2,否,169,0,0,835,0,3.37,1
890,女,39,65,3,否,472,0,0,585,0,3.47,1
891,男,36,28,3,否,242,0,242.6,192.4,0,4.04,1
892,女,18,2,3,否,125,0,4.6,4.8,5.6,3,0
893,男,52,67,3,否,767,15,920,515,0,5.51,1
894,男,28,17,3,否,160,0,0,0,0,3.61,0
895,男,28,17,3,否,160,0,0,0,0,3.61,0
896,男,28,17,3,否,160,0,0,0,0,3.61,0
897,男,28,17,3,否,160,0,0,0,0,3.61,0
898,男,28,17,3,否,160,0,0,0,0,3.61,0
899,男,28,17,3,否,160,0,0,0,0,3.61,0
900,男,28,17,3,否,160,0,0,0,0,3.61,0
901,男,28,17,3,否,160,0,0,0,0,3.61,0
902,男,28,17,3,否,160,0,0,0,0,3.61,0
903,男,28,17,3,否,160,0,0,0,0,3.61,0
904,女,31,44,1,否,338,0,0,490,0,2.77,0
905,女,31,44,1,否,338,0,0,490,0,2.77,0
906,女,31,44,1,否,338,0,0,490,0,2.77,0
907,男,49,59,4,是,254,24,256.7,169.4,458.9,6.06,0
908,男,49,59,4,是,254,24,256.7,169.4,458.9,6.06,0
909,男,49,59,4,是,254,24,256.7,169.4,458.9,6.06,0
910,男,19,17,2,是,192,6,0,0,0,2.89,0
911,男,19,17,2,是,192,6,0,0,0,2.89,0
912,男,19,17,2,是,192,6,0,0,0,2.89,0
913,男,19,17,2,是,192,6,0,0,0,2.89,0
914,男,19,17,2,是,192,6,0,0,0,2.89,0
915,男,19,17,2,是,192,6,0,0,0,2.89,0
916,男,19,17,2,是,192,6,0,0,0,2.89,0
917,男,19,17,2,是,192,6,0,0,0,2.89,0
918,男,19,17,2,是,192,6,0,0,0,2.89,0
919,男,19,17,2,是,192,6,0,0,0,2.89,0
920,男,57,68,2,否,320,0,0,1240,0,3.5,1
921,男,24,30,1,否,185,0,0,0,0,3.4,0
922,男,24,30,1,否,185,0,0,0,0,3.4,0
923,男,24,30,1,否,185,0,0,0,0,3.4,0
924,男,20,10,1,否,168,0,0,0,0,3,0
925,男,20,10,1,否,168,0,0,0,0,3,0
926,男,20,10,1,否,168,0,0,0,0,3,0
927,男,20,10,1,否,168,0,0,0,0,3,0
928,男,20,10,1,否,168,0,0,0,0,3,0
929,男,59,72,2,否,743,17,0,2910,0,4.17,1
930,男,24,34,3,否,355,0,0,150,0,2.83,1
931,女,27,6,1,否,162,0,0,0,0,3.26,0
932,女,73,61,1,否,383,0,0,4350,0,3.22,1
933,女,22,1,1,是,83,0,0,0,0,3.56,0
934,男,43,21,4,是,173,26,63.2,32.6,99.2,3.71,0
935,男,56,65,4,否,341,0,571.7,166.6,561.8,6.41,1
936,女,30,4,3,否,90,0,0,0,0,3.71,0
937,女,35,22,2,否,182,0,0,0,0,3.33,0
938,女,35,22,2,否,182,0,0,0,0,3.33,0
939,女,35,22,2,否,182,0,0,0,0,3.33,0
940,女,35,22,2,否,182,0,0,0,0,3.33,0
941,女,35,22,2,否,182,0,0,0,0,3.33,0
942,女,35,22,2,否,182,0,0,0,0,3.33,0
943,男,37,51,3,否,349,0,0,480,0,4.62,1
944,男,28,50,3,否,178,18,199,147.1,253.8,3.33,1
945,男,28,4,3,否,192,0,13.5,11.5,0,3.66,0
946,男,31,7,1,是,151,0,0,0,0,3.43,0
947,男,31,7,1,是,151,0,0,0,0,3.43,0
948,男,31,7,1,是,151,0,0,0,0,3.43,0
949,男,23,19,3,否,218,6,0,0,0,3.61,0
950,男,23,19,3,否,218,6,0,0,0,3.61,0
951,男,23,19,3,否,218,6,0,0,0,3.61,0
952,男,23,19,3,否,218,6,0,0,0,3.61,0
953,男,23,19,3,否,218,6,0,0,0,3.61,0
954,男,23,19,3,否,218,6,0,0,0,3.61,0
955,男,23,19,3,否,218,6,0,0,0,3.61,0
956,男,23,19,3,否,218,6,0,0,0,3.61,0
957,男,37,58,4,是,266,44,656.7,422,1226.3,4.16,0
958,男,37,58,4,是,266,44,656.7,422,1226.3,4.16,0
959,男,37,58,4,是,266,44,656.7,422,1226.3,4.16,0
960,男,64,65,4,是,352,21,538.5,356.5,725,4.48,0
961,男,64,65,4,是,352,21,538.5,356.5,725,4.48,0
962,男,64,65,4,是,352,21,538.5,356.5,725,4.48,0
963,女,38,7,4,是,127,19,17.5,6.4,16.1,4.25,0
964,女,38,7,4,是,127,19,17.5,6.4,16.1,4.25,0
965,男,48,20,3,否,264,0,176.2,146.8,157,3.81,0
966,男,48,20,3,否,264,0,176.2,146.8,157,3.81,0
967,男,48,20,3,否,264,0,176.2,146.8,157,3.81,0
968,男,48,20,3,否,264,0,176.2,146.8,157,3.81,0
969,男,48,20,3,否,264,0,176.2,146.8,157,3.81,0
970,男,48,20,3,否,264,0,176.2,146.8,157,3.81,0
971,男,48,20,3,否,264,0,176.2,146.8,157,3.81,0
972,男,48,20,3,否,264,0,176.2,146.8,157,3.81,0
973,女,32,54,2,否,729,0,0,1300,0,3.3,1
974,女,48,36,1,否,170,0,0,0,0,3.37,1
975,男,53,71,3,否,749,0,1136.7,1423.3,0,3.87,1
976,女,45,18,3,否,139,0,135.4,109.6,0,3.76,1
977,男,27,16,4,是,159,26,64,48.7,122.3,2.77,0
978,男,27,16,4,是,159,26,64,48.7,122.3,2.77,0
979,男,27,16,4,是,159,26,64,48.7,122.3,2.77,0
980,男,27,16,4,是,159,26,64,48.7,122.3,2.77,0
981,男,27,16,4,是,159,26,64,48.7,122.3,2.77,0
982,男,27,16,4,是,159,26,64,48.7,122.3,2.77,0
983,男,27,16,4,是,159,26,64,48.7,122.3,2.77,0
984,男,27,16,4,是,159,26,64,48.7,122.3,2.77,0
985,男,27,16,4,是,159,26,64,48.7,122.3,2.77,0
986,男,27,16,4,是,159,26,64,48.7,122.3,2.77,0
987,男,45,52,4,是,219,15,0,210.3,494.7,3.69,1
988,男,54,50,3,否,271,0,89.7,28.6,151.6,5.51,1
989,男,52,30,2,否,256,19,0,420,0,2.83,0
990,男,52,30,2,否,256,19,0,420,0,2.83,0
991,男,47,22,4,是,230,32,191.3,515.5,513.2,3.78,0
992,男,47,22,4,是,230,32,191.3,515.5,513.2,3.78,0
993,男,47,22,4,是,230,32,191.3,515.5,513.2,3.78,0
994,男,47,22,4,是,230,32,191.3,515.5,513.2,3.78,0
995,男,47,22,4,是,230,32,191.3,515.5,513.2,3.78,0
996,男,47,22,4,是,230,32,191.3,515.5,513.2,3.78,0
997,男,26,59,2,否,303,16,0,1669.2,1040.8,3.71,0
998,男,26,59,2,否,303,16,0,1669.2,1040.8,3.71,0
999,男,26,59,2,否,303,16,0,1669.2,1040.8,3.71,0
1000,男,40,9,4,是,117,23,26.8,22.3,75.9,3.64,0
1001,男,40,9,4,是,117,23,26.8,22.3,75.9,3.64,0
1002,男,40,9,4,是,117,23,26.8,22.3,75.9,3.64,0
1003,男,40,9,4,是,117,23,26.8,22.3,75.9,3.64,0
1004,男,40,9,4,是,117,23,26.8,22.3,75.9,3.64,0
1005,男,55,12,2,否,169,8,0,0,0,3.58,0
1006,女,32,3,4,是,105,11,4.4,2.6,8,4.06,0
1007,男,46,20,4,是,145,0,0,0,0,3.14,1
1008,女,52,5,4,否,112,16,23.1,35.6,56.3,4.57,0
1009,男,53,58,4,是,196,32,322.6,240.6,686.8,5.33,0
1010,男,53,58,4,是,196,32,322.6,240.6,686.8,5.33,0
1011,男,30,38,1,否,129,0,0,430,0,3.22,1
1012,男,29,43,3,否,491,0,126.3,50.5,168.1,3.5,1
1013,女,50,17,4,是,189,19,0,0,0,5.32,0
1014,女,50,17,4,是,189,19,0,0,0,5.32,0
1015,女,50,17,4,是,189,19,0,0,0,5.32,0
1016,女,50,17,4,是,189,19,0,0,0,5.32,0
1017,女,50,17,4,是,189,19,0,0,0,5.32,0
1018,女,50,17,4,是,189,19,0,0,0,5.32,0
1019,女,50,17,4,是,189,19,0,0,0,5.32,0
1020,女,50,17,4,是,189,19,0,0,0,5.32,0
1021,女,50,17,4,是,189,19,0,0,0,5.32,0
1022,女,50,17,4,是,189,19,0,0,0,5.32,0
1023,男,33,37,2,是,234,11,0,0,0,3.71,0
1024,男,33,37,2,是,234,11,0,0,0,3.71,0
1025,男,33,37,2,是,234,11,0,0,0,3.71,0
1026,男,53,56,2,是,333,15,0,560,0,4.61,1
1027,男,31,1,1,是,79,6,0,0,0,3.37,0
1028,女,26,15,4,是,198,16,0,0,0,3.64,0
1029,男,55,72,2,是,1296,17,0,4915,0,4.41,1
1030,女,47,69,3,否,554,0,0,2470,0,5.07,0
1031,女,47,69,3,否,554,0,0,2470,0,5.07,0
1032,女,47,69,3,否,554,0,0,2470,0,5.07,0
1033,女,44,32,3,否,203,0,358.3,236.7,0,5.3,1
1034,男,25,19,3,否,241,0,230,390,0,3.3,0
1035,男,25,19,3,否,241,0,230,390,0,3.3,0
1036,男,25,19,3,否,241,0,230,390,0,3.3,0
1037,男,25,19,3,否,241,0,230,390,0,3.3,0
1038,男,25,19,3,否,241,0,230,390,0,3.3,0
1039,男,25,19,3,否,241,0,230,390,0,3.3,0
1040,男,25,19,3,否,241,0,230,390,0,3.3,0
1041,男,25,19,3,否,241,0,230,390,0,3.3,0
1042,男,22,32,3,否,146,0,357.4,242.6,0,2.83,0
1043,男,22,32,3,否,146,0,357.4,242.6,0,2.83,0
1044,男,22,32,3,否,146,0,357.4,242.6,0,2.83,0
1045,女,55,26,3,否,135,0,212.2,87.8,0,4.11,1
1046,女,39,4,4,否,106,0,13.6,8.2,18.1,3.64,0
1047,女,24,4,1,否,125,0,0,35,0,3.22,0
1048,女,48,16,3,否,207,0,106.4,73.6,0,4.08,0
1049,女,48,16,3,否,207,0,106.4,73.6,0,4.08,0
1050,女,48,16,3,否,207,0,106.4,73.6,0,4.08,0
1051,女,48,16,3,否,207,0,106.4,73.6,0,4.08,0
1052,女,48,16,3,否,207,0,106.4,73.6,0,4.08,0
1053,女,48,16,3,否,207,0,106.4,73.6,0,4.08,0
1054,女,48,16,3,否,207,0,106.4,73.6,0,4.08,0
1055,女,48,16,3,否,207,0,106.4,73.6,0,4.08,0
1056,女,48,16,3,否,207,0,106.4,73.6,0,4.08,0
1057,女,48,16,3,否,207,0,106.4,73.6,0,4.08,0
1058,男,37,53,2,是,249,10,0,1170,0,3.22,0
1059,男,37,53,2,是,249,10,0,1170,0,3.22,0
1060,男,36,58,4,是,378,0,797.7,1157.5,1189.8,3.66,0
1061,男,36,58,4,是,378,0,797.7,1157.5,1189.8,3.66,0
1062,男,36,58,4,是,378,0,797.7,1157.5,1189.8,3.66,0
1063,女,61,71,3,否,528,0,666.5,363.5,0,5.04,1
1064,男,33,22,4,是,136,33,0,0,0,4.78,0
1065,男,33,22,4,是,136,33,0,0,0,4.78,0
1066,男,33,22,4,是,136,33,0,0,0,4.78,0
1067,男,33,22,4,是,136,33,0,0,0,4.78,0
1068,男,33,22,4,是,136,33,0,0,0,4.78,0
1069,男,33,22,4,是,136,33,0,0,0,4.78,0
1070,女,48,46,3,是,254,21,220.8,95.8,193.3,4.16,1
1071,男,58,69,4,否,703,35,600.7,532.4,921.9,3.26,1
1072,女,41,7,4,是,127,19,23.2,7.5,34.3,4.54,1
1073,女,34,5,1,是,122,10,0,0,0,3.09,0
1074,男,39,22,4,是,158,0,105.3,48.2,136.4,4.01,0
1075,男,39,22,4,是,158,0,105.3,48.2,136.4,4.01,0
1076,男,39,22,4,是,158,0,105.3,48.2,136.4,4.01,0
1077,男,39,22,4,是,158,0,105.3,48.2,136.4,4.01,0
1078,男,39,22,4,是,158,0,105.3,48.2,136.4,4.01,0
1079,男,39,22,4,是,158,0,105.3,48.2,136.4,4.01,0
1080,女,27,19,4,是,145,27,0,162.8,282.2,4.03,0
1081,女,27,19,4,是,145,27,0,162.8,282.2,4.03,0
1082,女,27,19,4,是,145,27,0,162.8,282.2,4.03,0
1083,女,27,19,4,是,145,27,0,162.8,282.2,4.03,0
1084,女,27,19,4,是,145,27,0,162.8,282.2,4.03,0
1085,女,27,19,4,是,145,27,0,162.8,282.2,4.03,0
1086,女,27,19,4,是,145,27,0,162.8,282.2,4.03,0
1087,女,27,19,4,是,145,27,0,162.8,282.2,4.03,0
1088,男,36,9,3,否,166,15,75.6,83.8,70.6,4.37,0
1089,男,36,9,3,否,166,15,75.6,83.8,70.6,4.37,0
1090,男,36,9,3,否,166,15,75.6,83.8,70.6,4.37,0
1091,男,36,9,3,否,166,15,75.6,83.8,70.6,4.37,0
1092,男,36,9,3,否,166,15,75.6,83.8,70.6,4.37,0
1093,男,53,9,1,是,112,2,0,0,0,3.91,0
1094,男,53,9,1,是,112,2,0,0,0,3.91,0
1095,男,53,9,1,是,112,2,0,0,0,3.91,0
1096,男,53,9,1,是,112,2,0,0,0,3.91,0
1097,男,53,9,1,是,112,2,0,0,0,3.91,0
1098,女,53,72,3,否,701,0,413.5,171.8,474.7,4.68,1
1099,女,27,24,2,否,154,0,0,0,0,2.83,0
1100,女,20,1,1,是,134,15,0,0,0,2.89,0
1101,女,30,24,4,是,224,0,257.8,176.8,345.5,3.22,0
1102,男,26,3,4,否,101,11,4.4,2,3.6,4.08,0
1103,女,30,4,4,是,123,15,0,80,0,3.81,0
1104,男,56,44,3,否,200,0,0,0,0,4.14,0
1105,男,56,44,3,否,200,0,0,0,0,4.14,0
1106,男,54,26,4,是,154,0,165.7,167.5,276.8,3.26,0
1107,男,54,26,4,是,154,0,165.7,167.5,276.8,3.26,0
1108,男,54,26,4,是,154,0,165.7,167.5,276.8,3.26,0
1109,女,46,15,4,是,124,24,0,0,0,4.14,0
1110,男,39,10,1,是,110,10,0,0,0,3.3,1
1111,男,49,70,3,否,562,0,972.2,732.8,0,4.47,1
1112,男,36,50,2,是,313,15,0,745,0,3.66,0
1113,男,36,50,2,是,313,15,0,745,0,3.66,0
1114,男,36,50,2,是,313,15,0,745,0,3.66,0
491,女,39,22,2,是,174,2,0,0,0,4.14,0
492,女,39,22,2,是,174,2,0,0,0,4.14,0
589,女,33,5,4,是,92,8,0,0,0,3.66,0
590,女,19,11,1,是,122,0,0,0,0,3.04,0
591,女,19,11,1,是,122,0,0,0,0,3.04,0
592,女,19,11,1,是,122,0,0,0,0,3.04,0
593,女,19,11,1,是,122,0,0,0,0,3.04,0
594,女,19,11,1,是,122,0,0,0,0,3.04,0
595,女,32,4,1,是,190,7,0,0,0,3.97,0
596,女,42,17,2,否,151,10,0,0,0,4.06,0
597,女,42,17,2,否,151,10,0,0,0,4.06,0
598,女,42,17,2,否,151,10,0,0,0,4.06,0
599,女,42,17,2,否,151,10,0,0,0,4.06,0
600,女,42,17,2,否,151,10,0,0,0,4.06,0
601,女,42,17,2,否,151,10,0,0,0,4.06,0
602,女,42,17,2,否,151,10,0,0,0,4.06,0
603,女,42,17,2,否,151,10,0,0,0,4.06,0
604,女,42,17,2,否,151,10,0,0,0,4.06,0
605,女,42,17,2,否,151,10,0,0,0,4.06,0
606,女,27,7,1,否,121,0,0,0,0,3.66,0
607,女,27,7,1,否,121,0,0,0,0,3.66,0
608,女,27,7,1,否,121,0,0,0,0,3.66,0
609,女,34,32,2,是,197,0,0,600,0,3.64,1
610,男,34,35,1,否,328,0,0,135,0,4.36,1
611,女,31,3,4,是,106,17,15.2,34.8,20,3.14,0
612,女,48,22,1,否,140,13,0,0,0,4.48,0
613,女,48,22,1,否,140,13,0,0,0,4.48,0
614,女,48,22,1,否,140,13,0,0,0,4.48,0
615,女,48,22,1,否,140,13,0,0,0,4.48,0
616,女,48,22,1,否,140,13,0,0,0,4.48,0
617,女,48,22,1,否,140,13,0,0,0,4.48,0
618,男,21,17,3,是,172,0,0,0,0,3.22,1
619,男,41,27,3,否,324,0,116.6,48.4,0,4.13,1
620,男,32,11,1,是,174,9,0,95,0,3.14,1
621,男,47,5,1,否,109,0,0,35,0,3.83,0
622,男,30,59,2,否,384,13,0,680,0,3.53,1
623,女,47,55,3,否,345,0,372.3,197.7,0,3.61,1
624,女,56,18,1,否,118,0,0,160,0,5.69,1
625,男,22,16,2,是,132,10,0,0,0,3.26,0
626,男,22,16,2,是,132,10,0,0,0,3.26,0
627,男,22,16,2,是,132,10,0,0,0,3.26,0
628,男,22,16,2,是,132,10,0,0,0,3.26,0
629,男,22,16,2,是,132,10,0,0,0,3.26,0
630,男,22,16,2,是,132,10,0,0,0,3.26,0
631,男,22,16,2,是,132,10,0,0,0,3.26,0
